키뮤어,서플러스 울(WOOL) 2-WAY 헤링턴 자켓_부클 블랙,"82,240원",https://image.msscdn.net/images/goods_img/20230822/3487878/3487878_16947442256700_125.jpg,https://www.musinsa.com/app/goods/3487878?loc=goods_rank
무신사 스탠다드,데일리 푸퍼 숏 패딩 재킷 [블랙],"59,390원",https://image.msscdn.net/images/goods_img/20230622/3378514/3378514_16965750464930_125.jpg,https://www.musinsa.com/app/goods/3378514?loc=goods_rank
내셔널지오그래픽,N234UDW860 카이만 프로 롱기장 구스 다운 점퍼 SMALL LOGO BLACK,"349,000원",https://image.msscdn.net/images/goods_img/20230919/3574916/3574916_16998525149640_125.jpg,https://www.musinsa.com/app/goods/3574916?loc=goods_rank
쿠어,벨란디 캐시미어 블렌드 발마칸 코트 (신더그레이),"319,500원",https://image.msscdn.net/images/goods_img/20230821/3481221/3481221_16944160976459_125.jpg,https://www.musinsa.com/app/goods/3481221?loc=goods_rank
라퍼지스토어,[무료반품]울리치 발마칸 오버 코트_Black,"128,000원",https://image.msscdn.net/0.gif,https://www.musinsa.com/app/goods/3571835?loc=goods_rank
키뮤어,서플러스 울(WOOL) 2-WAY 헤링턴 자켓_부클 카멜,"82,240원",https://image.msscdn.net/0.gif,https://www.musinsa.com/app/goods/3487877?loc=goods_rank
커버낫,RDS 씨빅 숏 푸퍼 블랙,"159,200원",https://image.msscdn.net/0.gif,https://www.musinsa.com/app/goods/3555045?loc=goods_rank
쿠어,벨란디 캐시미어 블렌드 발마칸 코트 (블랙),"319,500원",https://image.msscdn.net/0.gif,https://www.musinsa.com/app/goods/3481219?loc=goods_rank
커버낫,RDS 씨빅 롱 다운 파카 블랙,"239,200원",https://image.msscdn.net/0.gif,https://www.musinsa.com/app/goods/3555034?loc=goods_rank
라퍼지스토어,[무료반품]덕다운 미니멀 푸퍼 숏패딩_Black,"108,000원",https://image.msscdn.net/0.gif,https://www.musinsa.com/app/goods/3673770?loc=goods_rank
언다이드룸,ATACAMA801 (SAND),"109,500원",https://image.msscdn.net/0.gif,https://www.musinsa.com/app/goods/3456337?loc=goods_rank
노스페이스,NC2DP72A 챌린지 에어 다운 코트,"459,000원",https://image.msscdn.net/0.gif,https://www.musinsa.com/app/goods/3513450?loc=goods_rank
라퍼지 포 우먼,[무료반품][Woman]글로시 크롭 푸퍼 패딩_Glossy Black,"89,800원",https://image.msscdn.net/0.gif,https://www.musinsa.com/app/goods/3590467?loc=goods_rank
뉴발란스,NBP7DF737B / M2002RNC (BLACK),"189,000원",https://image.msscdn.net/0.gif,https://www.musinsa.com/app/goods/3552362?loc=goods_rank
무신사 스탠다드,립스탑 다운 푸퍼 숏 패딩 재킷 [블랙],"129,900원",https://image.msscdn.net/0.gif,https://www.musinsa.com/app/goods/3378508?loc=goods_rank
무신사 스탠다드,[깡스타일리스트 컬래버]캐시미어 블렌드 맥시 발마칸 코트 [블랙],"269,900원",https://image.msscdn.net/0.gif,https://www.musinsa.com/app/goods/3405529?loc=goods_rank
디스이즈네버댓,PERTEX® T Down Jacket Olive,"153,300원",https://image.msscdn.net/0.gif,https://www.musinsa.com/app/goods/3591214?loc=goods_rank
노이어,1 / 4 배송 크롭 레이어드 푸퍼 자켓 (블랙),"308,000원",https://image.msscdn.net/0.gif,https://www.musinsa.com/app/goods/3536770?loc=goods_rank
코오롱스포츠,여성 다운 안타티카 롱 JKJDW23242BLK,"990,000원",https://image.msscdn.net/0.gif,https://www.musinsa.com/app/goods/3702506?loc=goods_rank
디스이즈네버댓,T-Logo Hoodie Heather Grey,"57,000원",https://image.msscdn.net/0.gif,https://www.musinsa.com/app/goods/3540248?loc=goods_rank
키뮤어,서플러스 울(WOOL) 2-WAY 헤링턴 자켓_부클 블랙,"82,240원",https://image.msscdn.net/images/goods_img/20230822/3487878/3487878_16947442256700_125.jpg,https://www.musinsa.com/app/goods/3487878?loc=goods_rank
무신사 스탠다드,데일리 푸퍼 숏 패딩 재킷 [블랙],"59,390원",https://image.msscdn.net/images/goods_img/20230622/3378514/3378514_16965750464930_125.jpg,https://www.musinsa.com/app/goods/3378514?loc=goods_rank
내셔널지오그래픽,N234UDW860 카이만 프로 롱기장 구스 다운 점퍼 SMALL LOGO BLACK,"349,000원",https://image.msscdn.net/images/goods_img/20230919/3574916/3574916_16998525149640_125.jpg,https://www.musinsa.com/app/goods/3574916?loc=goods_rank
쿠어,벨란디 캐시미어 블렌드 발마칸 코트 (신더그레이),"319,500원",https://image.msscdn.net/images/goods_img/20230821/3481221/3481221_16944160976459_125.jpg,https://www.musinsa.com/app/goods/3481221?loc=goods_rank
라퍼지스토어,[무료반품]울리치 발마칸 오버 코트_Black,"128,000원",https://image.msscdn.net/0.gif,https://www.musinsa.com/app/goods/3571835?loc=goods_rank
키뮤어,서플러스 울(WOOL) 2-WAY 헤링턴 자켓_부클 카멜,"82,240원",https://image.msscdn.net/0.gif,https://www.musinsa.com/app/goods/3487877?loc=goods_rank
커버낫,RDS 씨빅 숏 푸퍼 블랙,"159,200원",https://image.msscdn.net/0.gif,https://www.musinsa.com/app/goods/3555045?loc=goods_rank
쿠어,벨란디 캐시미어 블렌드 발마칸 코트 (블랙),"319,500원",https://image.msscdn.net/0.gif,https://www.musinsa.com/app/goods/3481219?loc=goods_rank
커버낫,RDS 씨빅 롱 다운 파카 블랙,"239,200원",https://image.msscdn.net/0.gif,https://www.musinsa.com/app/goods/3555034?loc=goods_rank
라퍼지스토어,[무료반품]덕다운 미니멀 푸퍼 숏패딩_Black,"108,000원",https://image.msscdn.net/0.gif,https://www.musinsa.com/app/goods/3673770?loc=goods_rank
키뮤어,서플러스 울(WOOL) 2-WAY 헤링턴 자켓_부클 블랙,"82,240원",https://image.msscdn.net/images/goods_img/20230822/3487878/3487878_16947442256700_125.jpg,https://www.musinsa.com/app/goods/3487878?loc=goods_rank
무신사 스탠다드,데일리 푸퍼 숏 패딩 재킷 [블랙],"59,390원",https://image.msscdn.net/images/goods_img/20230622/3378514/3378514_16965750464930_125.jpg,https://www.musinsa.com/app/goods/3378514?loc=goods_rank
내셔널지오그래픽,N234UDW860 카이만 프로 롱기장 구스 다운 점퍼 SMALL LOGO BLACK,"349,000원",https://image.msscdn.net/images/goods_img/20230919/3574916/3574916_16998525149640_125.jpg,https://www.musinsa.com/app/goods/3574916?loc=goods_rank
쿠어,벨란디 캐시미어 블렌드 발마칸 코트 (신더그레이),"319,500원",https://image.msscdn.net/images/goods_img/20230821/3481221/3481221_16944160976459_125.jpg,https://www.musinsa.com/app/goods/3481221?loc=goods_rank
라퍼지스토어,[무료반품]울리치 발마칸 오버 코트_Black,"128,000원",https://image.msscdn.net/0.gif,https://www.musinsa.com/app/goods/3571835?loc=goods_rank
키뮤어,서플러스 울(WOOL) 2-WAY 헤링턴 자켓_부클 카멜,"82,240원",https://image.msscdn.net/0.gif,https://www.musinsa.com/app/goods/3487877?loc=goods_rank
커버낫,RDS 씨빅 숏 푸퍼 블랙,"159,200원",https://image.msscdn.net/0.gif,https://www.musinsa.com/app/goods/3555045?loc=goods_rank
쿠어,벨란디 캐시미어 블렌드 발마칸 코트 (블랙),"319,500원",https://image.msscdn.net/0.gif,https://www.musinsa.com/app/goods/3481219?loc=goods_rank
커버낫,RDS 씨빅 롱 다운 파카 블랙,"239,200원",https://image.msscdn.net/0.gif,https://www.musinsa.com/app/goods/3555034?loc=goods_rank
라퍼지스토어,[무료반품]덕다운 미니멀 푸퍼 숏패딩_Black,"108,000원",https://image.msscdn.net/0.gif,https://www.musinsa.com/app/goods/3673770?loc=goods_rank
키뮤어,서플러스 울(WOOL) 2-WAY 헤링턴 자켓_부클 블랙,"82,240원",https://image.msscdn.net/images/goods_img/20230822/3487878/3487878_16947442256700_125.jpg,https://www.musinsa.com/app/goods/3487878?loc=goods_rank
무신사 스탠다드,데일리 푸퍼 숏 패딩 재킷 [블랙],"59,390원",https://image.msscdn.net/images/goods_img/20230622/3378514/3378514_16965750464930_125.jpg,https://www.musinsa.com/app/goods/3378514?loc=goods_rank
내셔널지오그래픽,N234UDW860 카이만 프로 롱기장 구스 다운 점퍼 SMALL LOGO BLACK,"349,000원",https://image.msscdn.net/images/goods_img/20230919/3574916/3574916_16998525149640_125.jpg,https://www.musinsa.com/app/goods/3574916?loc=goods_rank
쿠어,벨란디 캐시미어 블렌드 발마칸 코트 (신더그레이),"319,500원",https://image.msscdn.net/images/goods_img/20230821/3481221/3481221_16944160976459_125.jpg,https://www.musinsa.com/app/goods/3481221?loc=goods_rank
라퍼지스토어,[무료반품]울리치 발마칸 오버 코트_Black,"128,000원",https://image.msscdn.net/0.gif,https://www.musinsa.com/app/goods/3571835?loc=goods_rank
키뮤어,서플러스 울(WOOL) 2-WAY 헤링턴 자켓_부클 카멜,"82,240원",https://image.msscdn.net/0.gif,https://www.musinsa.com/app/goods/3487877?loc=goods_rank
커버낫,RDS 씨빅 숏 푸퍼 블랙,"159,200원",https://image.msscdn.net/0.gif,https://www.musinsa.com/app/goods/3555045?loc=goods_rank
쿠어,벨란디 캐시미어 블렌드 발마칸 코트 (블랙),"319,500원",https://image.msscdn.net/0.gif,https://www.musinsa.com/app/goods/3481219?loc=goods_rank
커버낫,RDS 씨빅 롱 다운 파카 블랙,"239,200원",https://image.msscdn.net/0.gif,https://www.musinsa.com/app/goods/3555034?loc=goods_rank
라퍼지스토어,[무료반품]덕다운 미니멀 푸퍼 숏패딩_Black,"108,000원",https://image.msscdn.net/0.gif,https://www.musinsa.com/app/goods/3673770?loc=goods_rank
